mode,part_id,part_type,log_prob,gc_content,gc_in_range,length_delta,mfe,rbs_sd_score,composite_score,sequence
no_context,A1_AmtR__BydvJ,spacer,-1.0728058791801267,0.0875,False,0,-5.599999904632568,,0.4880791178845625,AAATACAATTTTATTACCAATAATTTAATTGCCAATTATTTATTAACTTTAATTATTTATAATAATTTAATTAAAATTAA
no_context,A1_AmtR__BydvJ,spacer,-0.8030932180538033,0.1,False,0,-0.6000000238418579,,0.5210360173515342,AGTTTGAAATTTTTGTAAAGTATAATATGAAATGGAGAAAAATAATAATAATAATAATAATAATAATAATAATAATAATA
no_context,A1_AmtR__BydvJ,spacer,-1.118397651154253,0.175,False,0,-2.5,,0.508490352326862,TATTTCAAATTCATTTTTTGCCTCATCCATAGAAGCATTTAAAAACAAATCATAATTATTTATATATTTATTTTCATTTT
no_context,A1_AmtR__BydvJ,spacer,-1.041792005207212,0.775,False,0,-38.599998474121094,,0.630231195404221,TTCGATGCAATGCGCGAGATGCGGGATCGGGCCGAGCACGCCGGCGCCGGCGGCGAGCAGCGCGCCGAGCGCCGCGAGCG
no_context,A1_AmtR__BydvJ,spacer,-0.6183045623444167,0.2125,False,0,-8.699999809265137,,0.6140043151715003,GAGATTTCTCAAAAGAGTTTAAAGAAAGTTTAAAGAAAGTTTAAAGAAAGTTTAAAGAAAGTTTAAAGAAAGTTTAAAGA
no_context,A1_AmtR__BydvJ,spacer,-1.2871515379393446,0.3125,False,0,-9.0,,0.5544272693090984,TGGAAAAGATTTTCCATCTCAGTGAAGTTGTTGAGTTTTGATGATGAATATTCCTTGGAAGTATTTCTGTAGATGAAATT
no_context,A1_AmtR__BydvJ,spacer,-1.0915134944612426,0.5875,True,0,-21.399999618530273,,0.6547729748771394,CGATATCAACTGGTGGGAGAAGCACTGCAAGAAGGTGCCGCCCGAGATCGAGGCGCTGCAGAAGGAATACGGCGACCTGA
no_context,A1_AmtR__BydvJ,spacer,-0.8534900742967585,0.6,True,0,-25.799999237060547,,0.6964764869481376,GGCTGTTCAGGTTCATCAGGATCAGCAGCAGCGCCAGCAGCGGGAAGATCGCGATGAACGCGTAGTAGGCGATGAACGCG
no_context,A1_AmtR__BydvJ,spacer,-0.7940621150772359,0.6875,False,0,-36.79999923706055,,0.6978906808310659,AGAACAGTTCGGCGCCCTTGATCTGGCCGATGGTGCCGCCGCGCACCGCGTCGCAGATGTCGCGGTGGTGGGGCTGGTAG
no_context,A1_AmtR__BydvJ,spacer,-0.38378138123483474,0.05,False,0,0.0,,0.5624327928147748,CGTTAACTTTTTTTCTTTTTTTTTTTTTTTTTTTTTTTTTTTTTTTTTTTTTTTTTTTTTTTTTTTTTTTTTTTTTTTTT
no_context,A1_AmtR__A1,rbs,-1.2695272606316312,0.3235294117647059,False,0,,0.0,0.5389826756111377,GTATAGTTCCGAATGATGAGCATGATGTTATTAA
no_context,A1_AmtR__A1,rbs,-0.6491664708030054,0.08823529411764706,False,0,,0.0,0.5379191470266079,CTTTTTTTCTTTTTTCTTTTTTTTTTTTTTTTTT
no_context,A1_AmtR__A1,rbs,-1.2909755024321226,0.35294117647058826,True,0,,0.0,0.5475301452234169,CTTGCCAAAGTTTATAAGCAGCTTCAATTAATGC
no_context,A1_AmtR__A1,rbs,-1.078932281042856,0.14705882352941177,False,0,,0.0,0.4969836872553363,ATTCTTATCCAAAATTGATTTCTTTTTTTTTTTT
no_context,A1_AmtR__A1,rbs,-1.328039334382141,0.38235294117647056,True,0,,0.3333333333333333,0.5870686096466003,AGGTAGAACATAATGGTGAGTTAAAGGTGGGTAA
no_context,A1_AmtR__A1,rbs,-1.1348390347843245,0.11764705882352941,False,0,,0.0,0.47683296831176314,GAATTTGCTTGATTAAAATATAAAAATAATAATA
no_context,A1_AmtR__A1,rbs,-1.288092507486311,0.3235294117647059,False,0,,0.0,0.5361978885829357,TACATCAGTAAACAGCTGTTGAATTTTAAATGGC
no_context,A1_AmtR__A1,rbs,-1.1474778317843302,0.14705882352941177,False,0,,0.0,0.4867018546441152,TAGGTCTAAAATTTAATTCTTTAAATATTTCAAA
no_context,A1_AmtR__A1,rbs,-1.1725957310930102,0.20588235294117646,False,0,,0.0,0.506463581512519,AATCCCTTTTGTAATTAATTCATAATCTTTATCT
no_context,A1_AmtR__A1,rbs,-1.0220723748394227,0.14705882352941177,False,0,,0.0,0.5055126731858512,TTTTTTTTCATCTAATTCTTTTTGTTTTTCTAAT
no_context,A1_AmtR__AmtR,cds,-0.11110416158909353,0.23766816143497757,False,0,,,0.678401640335627,AGCTCTTCATTGTGGTGTTTCAGTGTTTTTCTCAGATATTTCTTTCAGATATTTCTTTCAGATATTTCTTTCAGATATTTCTTTCAGATATTTCTTTCAGATATTTCTTTCAGATATTTCTTTCAGATATTTCTTTCAGATATTTCTTTCAGATATTTCTTTCAGATATTTCTTTCAGATATTTCTTTCAGATATTTCTTTCAGATATTTCTTTCAGATATTTCTTTCAGATATTTCTTTCAGATATTTCTTTCAGATATTTCTTTCAGATATTTCTTTCAGATATTTCTTTCAGATATTTCTTTCAGATATTTCTTTCAGATATTTCTTTCAGATATTTCTTTCAGATATTTCTTTCAGATATTTCTTTCAGATATTTCTTTCAGATATTTCTTTCAGATATTTCTTTCAGATATTTCTTTCAGATATTTCTTTCAGATATTTCTTTCAGATATTTCTTTCAGATATTTCTTTCAGATATTTCTTTCAGATATTTCTTTCAGATATTTCTTTCAGATATTTCTTTCAGATATTTCTTTCAGATATTTCTTTCAGATATTTCTTTCAGATATTTCTTTCAGATATTTCTTTCAGATATTTCTTTCAGATATTTCTTTCAGATATTTCTTTCAGATATTTCTTTCAGATATTTCTTTCAGATATTTCTTT
no_context,A1_AmtR__AmtR,cds,-0.15561034714393351,0.005979073243647235,False,0,,,0.5790500772258688,CTTAAGTTCAAGTAAAAAATAAAAATATTAATAATTATATATAATTTTTAATAATAATTAATAATTATAAATAAATATAAAATATTAATAATATATAATTAATAATAATAATAATAATAATAATAATAATAATAATAATAATAATAATAATAATAATAATAATAATAATAATAATAATAATAATAATAATAATAATAATAATAATAATAATAATAATAATAATAATAATAATAATAATAATAATAATAATAATAATAATAATAATAATAATAATAATAATAATAATAATAATAATAATAATAATAATAATAATAATAATAATAATAATAATAATAATAATAATAATAATAATAATAATAATAATAATAATAATAATAATAATAATAATAATAATAATAATAATAATAATAATAATAATAATAATAATAATAATAATAATAATAATAATAATAATAATAATAATAATAATAATAATAATAATAATAATAATAATAATAATAATAATAATAATAATAATAATAATAATAATAATAATAATAATAATAATAATAATAATAATAATAATAATAATAATAATAATAATAATAATAATAATAATAATAATAATAATAATAATAATAATAATAATAATAATAATAATAATAATAATAATAATAATAATAATAATAA
no_context,A1_AmtR__AmtR,cds,-0.2744406936409968,0.007473841554559043,False,0,,,0.5618234325756741,TATATATGAAAGATAAATTATACTACTTTTATGTAATTTTATTTTAAATAAATTTTATTTTAATATAAAATATTTTTTTATATTATTTATATTTAATAAATATTTTTTTAATATATAAATATTTTTTAATTTAATAATATTATATAAATATATAAAATAATTAATAAAAAATAATTTAATTTTTAAATTTTATTTTATATATATATATATATATATATATATATATATATATATATATATATATATATATATATATATATATATATATATATATATATATATATATATATATATATATATATATATATATATATATATATATATATATATATATATATATATATATATATATATATATATATATATATATATATATATATATATATATATATATATATATATATATATATATATATATATATATATATATATATATATATATATATATATATATATATATATATATATATATATATATATATATATATATATATATATATATATATATATATATATATATATATATATATATATATATATATATATATATATATATATATATATATATATATATATATATATATATATATATATATATATATATATATATATATATATATATATATATATATATATATATATATATATATATATATATATATATATATA
no_context,A1_AmtR__AmtR,cds,-0.20252232983128357,0.3572496263079223,True,0,,,0.7125215010484763,TCATTAGGTTGAAGAGGGATTTTAGGGATTATAATTGTAGTGGGTATGGAGAAGATTTGAATGAGTTGAGAGAGGTTAAGAGAAGGTTTGAAAGAGATTTGAATGAGATGAGAGAGGTTAAGAGAAGGTTTGAAAGAGATTTGAATGAGATGAGAGAGGTTAAGAGAAGGTTTGAAAGAGATTTGAATGAGATGAGAGAGGTTAAGAGAAGGTTTGAAAGAGATTTGAATGAGATGAGAGAGGTTAAGAGAAGGTTTGAAAGAGATTTGAATGAGATGAGAGAGGTTAAGAGAAGGTTTGAAAGAGATTTGAATGAGATGAGAGAGGTTAAGAGAAGGTTTGAAAGAGATTTGAATGAGATGAGAGAGGTTAAGAGAAGGTTTGAAAGAGATTTGAATGAGATGAGAGAGGTTAAGAGAAGGTTTGAAAGAGATTTGAATGAGATGAGAGAGGTTAAGAGAAGGTTTGAAAGAGATTTGAATGAGATGAGAGAGGTTAAGAGAAGGTTTGAAAGAGATTTGAATGAGATGAGAGAGGTTAAGAGAAGGTTTGAAAGAGATTTGAATGAGATGAGAGAGGTTAAGAGAAGGTTTGAAAGAGATTTGAATGAGATGAGAGAGGTTAAGAGAAGGTTTGAAAGAGATTTGAATGAGATGAGAGAGGTTAAGA
no_context,A1_AmtR__AmtR,cds,-0.06356548254632352,0.4977578475336323,True,0,,,0.7895683166315044,CTCTATCTCTGTCTTTCTGTGTGTCTGTCTGTCTCTCTCTCTCTCTCTCTCTCTCTCTCTCTCTCTCTCTCTCTCTCTCTCTCTCTCTCTCTCTCTCTCTCTCTCTCTCTCTCTCTCTCTCTCTCTCTCTCTCTCTCTCTCTCTCTCTCTCTCTCTCTCTCTCTCTCTCTCTCTCTCTCTCTCTCTCTCTCTCTCTCTCTCTCTCTCTCTCTCTCTCTCTCTCTCTCTCTCTCTCTCTCTCTCTCTCTCTCTCTCTCTCTCTCTCTCTCTCTCTCTCTCTCTCTCTCTCTCTCTCTCTCTCTCTCTCTCTCTCTCTCTCTCTCTCTCTCTCTCTCTCTCTCTCTCTCTCTCTCTCTCTCTCTCTCTCTCTCTCTCTCTCTCTCTCTCTCTCTCTCTCTCTCTCTCTCTCTCTCTCTCTCTCTCTCTCTCTCTCTCTCTCTCTCTCTCTCTCTCTCTCTCTCTCTCTCTCTCTCTCTCTCTCTCTCTCTCTCTCTCTCTCTCTCTCTCTCTCTCTCTCTCTCTCTCTCTCTCTCTCTCTCTCTCTCTCTCTCTCTCTCTCTCTCTCTCTCTCTCTCTCTCTCTCTCTCTCTCTCTCTCTCTCTCTCTCTCTCTCTCTCTCTCTCTCTCTCTCTCTCTCTCTCTCTCTCTCTCTCTCTCTCTCTCTCTCTC
no_context,A1_AmtR__AmtR,cds,-0.47286044698110097,0.3901345291479821,True,0,,,0.6851247446120277,GTGTAATGTTTGATAATGATCTCACATGGGAAGCACACATTAATTCAATTTGCAAGAAAACATTTGCAAGACTAAAACTATTATACCAAATTAAAGACTTCCTTCCTCTATCAACTAGAAAAACTCTTGCTTCTACCTTCATTCTTCCTATCTTTGATTATGGTGACATTGTCAACCAAAACATAAATCAGGAACTTCTTAGGAAACTTCAAAAACTCCAAAATAATATGATCAGATTTGCTTTAAATCTCCCACCTCGAACTCCTATAACCCAATCTCTCTATTCTCTCTCATGGCTCAATATCTCTCAAAGGATCAAATACCATAACTCTTTACTTGTTTTCAAATCTCTTAATAACCTTGCTCCTCCATACCTCTCTGACCTCCTTCACCTTTACACTCCTATTCGTTCTCTCAGATCTGCTAGTCAAAATCTTCTTACTGTTCCTCGCCATAACCTTAAAACCTATGGTCTCCGCTCTTTCTCTGTCCATGCTCCCACCCTCTGGAACTCTCTTCCCCTCACCCTTCGTAACTCTCCCTCTATTACCTCTTTCAAAACCTCTCTTAAAACTCACCTGTTTAACATTGCTTTCCCTCCTTAACCTTTCCCTCTTCCTTTCTCTCTCCTCTTTCCCTCTCTCCCTCCTCCTCTCTCTTTCCTTTTCT
no_context,A1_AmtR__AmtR,cds,-0.051050647427400155,0.01046337817638266,False,0,,,0.596527754156443,GAGTCAGTAGGGTTTTTTTTTTTTTTTTTTTTTTTTTTTTTTTTTTTTTTTTTTTTTTTTTTTTTTTTTTTTTTTTTTTTTTTTTTTTTTTTTTTTTTTTTTTTTTTTTTTTTTTTTTTTTTTTTTTTTTTTTTTTTTTTTTTTTTTTTTTTTTTTTTTTTTTTTTTTTTTTTTTTTTTTTTTTTTTTTTTTTTTTTTTTTTTTTTTTTTTTTTTTTTTTTTTTTTTTTTTTTTTTTTTTTTTTTTTTTTTTTTTTTTTTTTTTTTTTTTTTTTTTTTTTTTTTTTTTTTTTTTTTTTTTTTTTTTTTTTTTTTTTTTTTTTTTTTTTTTTTTTTTTTTTTTTTTTTTTTTTTTTTTTTTTTTTTTTTTTTTTTTTTTTTTTTTTTTTTTTTTTTTTTTTTTTTTTTTTTTTTTTTTTTTTTTTTTTTTTTTTTTTTTTTTTTTTTTTTTTTTTTTTTTTTTTTTTTTTTTTTTTTTTTTTTTTTTTTTTTTTTTTTTTTTTTTTTTTTTTTTTTTTTTTTTTTTTTTTTTTTTTTTTTTTTTTTTTTTTTTTTTTTTTTTTTTTTTTTTTTTTTTTTTTTTTTTTTTTTTTTTTTTTTTTTTTTTTTTTTTTTTTTTTTTTTTTTTTTTTTTTTTTTTTTTTTTTTTTTTTTTTTTTTTTTTTTTTTT
no_context,A1_AmtR__AmtR,cds,-0.2091790328660504,0.08968609865470852,False,0,,,0.6044975845319758,ACCCATATCTTTATAGTTTAAAAAGATAAAATTAAAAATTAATTTTTAAAAATAAAAAATAAATTTATATAAAATTAAATTTATTTTTAAAAAAATAAAATATTATTTTTTAAATTTAATTTTATATAAATTTATTTTTTATTTTTAAAAATTAATTTTTAATTTTATCTTTTTAAACTATAAAGATATGGGTCTAGAAAAAAAAAAGATAAAATTAAAAATTAATTTTAAAAATTAAAAATTAATTTTTAATTTTATCTTTTTAAACTATAAAGATATGGGTCTAGAAAAAAAAAAGATAAAATTAAAAATTAATTTTAAAAATTAAAAATTAATTTTTAATTTTATCTTTTTAAACTATAAAGATATGGGTCTAGAAAAAAAAAAGATAAAATTAAAAATTAATTTTAAAAATTAAAAATTAATTTTTAATTTTATCTTTTTAAACTATAAAGATATGGGTCTAGAAAAAAAAAAGATAAAATTAAAAATTAATTTTAAAAATTAAAAATTAATTTTTAATTTTATCTTTTTAAACTATAAAGATATGGGTCTAGAAAAAAAAAAGATAAAATTAAAAATTAATTTTAAAAATTAAAAATTAATTTTTAATTTTATCTTTTTAAACTATAAAGATATGGGTCTAGAAAAAAAAAAGATAAAATTAAA
no_context,A1_AmtR__AmtR,cds,-0.4414832739421782,0.052316890881913304,False,0,,,0.5547042652614386,CACTCCAGATTCCAAAAAATATAAATACTTCTTCTAATAATTTTAAATTATAAATATATTTAAAATATTAAAAAAATTATATTTATTTATTTTTATTTAAAAATAAATTTTAAAAAAATTAAAATAAAAATTTAAAAATATTTTTTAAATATTTTTTTATTAAATAAATAATAATAAATAAATTATAATAAAATAAATAAAAAAATATTTTTTATAAAAAATAAAAAAAAATAAATAAATTTTAATAAAAAAATAAAAAAATATTTTTAAAATTTATTTTTAAATAAAAATAAATAAATATAATTTTTTTAATATTTTAAATATATTTATAATTTAAAATTATTAGAAGAAGTATTTATATTTTTTGGAATCTGGAGTGCTAAGGGCCTATAAATTAGAATTTGTGTTTGTGGGTGTTATAAATTTATAGTTTTTTTTTTTTTTTTTTTTTTTTTTTTTTTTTTTTTTTTTTTTTTTTTTTTTTTTTTTTTTTTTTTTTTTTTTTTTTTTTTTTTTTTTTTTTTTTTTTTTTTTTTTTTTTTTTTTTTTTTTTTTTTTTTTTTTTTTTTTTTTTTTTTTTTTTTTTTTTTTTTTTTTTTTTTTTTTTTTTTTTTTTTTTTTTTTTTTTTTTTTTTTTTTTTTTTTTTTTTTTTTTTTTTTTTTTTTTTT
no_context,A1_AmtR__AmtR,cds,-0.11661027183337404,0.19880418535127056,False,0,,,0.6620301333655021,GTGATGTACAATGTTGTTTGTGTATGATATAATGTTATATAACTGTGTTTATGTATGATATAATGTTATATAACTGTGTTTATGTATGATATAATGTTATATAACTGTGTTTATGTATGATATAATGTTATATAACTGTGTTTATGTATGATATAATGTTATATAACTGTGTTTATGTATGATATAATGTTATATAACTGTGTTTATGTATGATATAATGTTATATAACTGTGTTTATGTATGATATAATGTTATATAACTGTGTTTATGTATGATATAATGTTATATAACTGTGTTTATGTATGATATAATGTTATATAACTGTGTTTATGTATGATATAATGTTATATAACTGTGTTTATGTATGATATAATGTTATATAACTGTGTTTATGTATGATATAATGTTATATAACTGTGTTTATGTATGATATAATGTTATATAACTGTGTTTATGTATGATATAATGTTATATAACTGTGTTTATGTATGATATAATGTTATATAACTGTGTTTATGTATGATATAATGTTATATAACTGTGTTTATGTATGATATAATGTTATATAACTGTGTTTATGTATGATATAATGTTATATAACTGTGTTTATGTATGATATAATGTTATATAACTGTGTTTATGTATGATATAATGTTATATAACTGTGTT
no_context,A1_AmtR__L3S2P55,terminator,-1.1924818389942666,0.2631578947368421,False,0,-3.799999952316284,,0.5397242152116188,AGGTACATAAAGAATGAATTATTGTAATGGTTATTGTGTTGGATTATTATTGTGTTG
no_context,A1_AmtR__L3S2P55,terminator,-1.2454013167422981,0.2807017543859649,False,0,-5.699999809265137,,0.5454705035737961,GTCAGGAAATTGGTTTAGGTAGGTGGAAAATTAATTGTGTTGAATTAATTATGTTAA
no_context,A1_AmtR__L3S2P55,terminator,-1.1698648776592997,0.21052631578947367,False,0,-1.100000023841858,,0.5125904438733572,CTTTTCAATATTCATCCCACCAACACCTCTTTTTAATAAATAATTTTAATAAAATAA
no_context,A1_AmtR__L3S2P55,terminator,-0.9416938715086041,0.49122807017543857,True,0,-2.200000047683716,,0.6629564457568101,GGCTCACCATTATCCTCTATCCTGACCCATCTTGCTCAAATCTTCCTGCCTCATGTC
no_context,A1_AmtR__L3S2P55,terminator,-1.1188970751786902,0.12280701754385964,False,0,-4.5,,0.49707771942495077,ATAGAATCAAAGATAATAATGTTTGGAATTTGTTTTTAATTTTTAAATTTAAAAATT
no_context,A1_AmtR__L3S2P55,terminator,-0.35529323000144075,0.03508771929824561,False,0,0.0,,0.5607411032190822,GTTCTTTTTTTTTTTTTTTTTTTTTTTTTTTTTTTTTTTTTTTTTTTTTTTTTTTTT
no_context,A1_AmtR__L3S2P55,terminator,-1.212245041336059,0.21052631578947367,False,0,-4.0,,0.5164088578346788,GTTTAACACAAATTTATGGCATAATGGAAGAAATGTTTTGGATTATTTTTTTTTAAT
no_context,A1_AmtR__L3S2P55,terminator,-1.0164802132623147,0.24561403508771928,False,0,-0.6000000238418579,,0.5478788452872908,GGCTTCTAAAAATAAGAATAAATGAATTATAGTAATACCTACTCCAATAGCAATAAT
no_context,A1_AmtR__L3S2P55,terminator,-1.0373022924510855,0.10526315789473684,False,0,-4.800000190734863,,0.5033520252226349,CCCTTAATGGGATTAATATTATATATATTTTTAATTTTTAAATTTTAAAATATTTTA
no_context,A1_AmtR__L3S2P55,terminator,-1.1853576283210412,0.19298245614035087,False,0,-6.699999809265137,,0.5228981094685636,CATTTGATCTAACTTTTTAATAGAGTTGATTATTATTTTAGTTTCATTTTCAAATTC
upstream_only,A1_AmtR__BydvJ,spacer,-1.235992386561783,0.3125,False,0,-9.300000190734863,,0.5628511424925696,ATCCTATGCGATTACAAAAGGATACAGCATTGAAACAACAATTGTTTACTATGTAGACAAAGAAGGAAATCAAATCAGTA
upstream_only,A1_AmtR__BydvJ,spacer,-0.960881627597384,0.2875,False,0,-3.799999952316284,,0.5803677557411832,GTTCTGTTTTTGTTGTTTCTGTGTCTTTTGCAATATCTTCTTTATCAATTTCTTTTGCAGCATCTTCTTTATCAATTTCT
upstream_only,A1_AmtR__BydvJ,spacer,-0.9120941108584495,0.2,False,0,-9.0,,0.5656858833712326,CATCTCCTATACTATACTTAGTTACTATTACTAAGTTACTATATACTATTACTATATATATACTATATATACTATACTAT
upstream_only,A1_AmtR__BydvJ,spacer,-1.0059321760773814,0.05,False,0,-7.5,,0.48786017358839273,AAATAGTAAAGTAATATAAAAAAGTATGTTAATAAAATTAAAAATATTTTATATTATTTAAAAAATATATATATAATAAA
upstream_only,A1_AmtR__BydvJ,spacer,-0.8256701354940305,0.3625,True,0,-16.600000381469727,,0.6626494806295697,TTTTTTCAAATTCTGATTTTGATTCCGTTTTCGGTTCTGTTCTGATTTCGATTCCGATTTCGGTTCCGTTCTGATTTCGA
upstream_only,A1_AmtR__BydvJ,spacer,-0.7692867114333379,0.275,False,0,-6.0,,0.6096069932849992,CTCATGAAATTATTATTAATTGAAGACGATGTTAAAATTGCCTCATTTGTTATTAAAGGACTACAACAAAACGGTTTTAG
upstream_only,A1_AmtR__BydvJ,spacer,-0.8505058279586531,0.1,False,0,-8.5,,0.533674125806202,ATTTCATACTGTTTACAGTTTTACATTATTTTAAAGAAAAAAAAAACATTTTTTTTTTTTTTTTTTTTTTTTTTTTTTTT
upstream_only,A1_AmtR__BydvJ,spacer,-1.104563384469763,0.125,False,0,-4.199999809265137,,0.4948154918526983,AGCTAGGCATTTTCTCAAGTTTTTTTAGATAATTAATGTTAATATTAATTTTATAAAATTTAAAATATATAAAATAATTA
upstream_only,A1_AmtR__BydvJ,spacer,-1.0833800105297418,0.0875,False,0,-5.300000190734863,,0.48574299889737593,CTTTATTAATGATAACTAATTTAACAAACACATATTAATTAAAATGTTATATTATATATTTATTAATTAATTATATAATT
upstream_only,A1_AmtR__BydvJ,spacer,-0.5935596040662943,0.025,False,0,-19.700000762939453,,0.5702160612974044,GATCAAATTTAATTTAAAAAATAATTTTTTATTATATATATATATATATATATATATATATATATATATATATATATATA
upstream_only,A1_AmtR__A1,rbs,-0.9370781643150684,0.0,False,0,,0.0,0.45943827535273973,TTAAATAAATATAATAATTTATATATTTTTTTTT
upstream_only,A1_AmtR__A1,rbs,-0.6981440280861254,0.029411764705882353,False,0,,0.0,0.5070431016694341,CTTATTAAATAAATAAATAAATAAATAAATAAAT
upstream_only,A1_AmtR__A1,rbs,-0.8907056905816368,0.0,False,0,,0.0,0.46639414641275445,AATATTTTAATAAAATAAATTTTAATTAATTTTT
upstream_only,A1_AmtR__A1,rbs,-0.7547408427991077,0.0,False,0,,0.0,0.4867888735801338,AATTTTTAAAAATTAAAATTTTTTTTTTTTTTTT
upstream_only,A1_AmtR__A1,rbs,-0.7839097946740411,0.14705882352941177,False,0,,0.0,0.5412370602106585,CATAAATTGATTTTTTGTTTAACATAAATTGATT
upstream_only,A1_AmtR__A1,rbs,-0.4759060707344099,0.20588235294117646,False,0,,0.0,0.6109670305663091,CTTTGTTTAACTTTGTTTAACTTTGTTTAACTTT
upstream_only,A1_AmtR__A1,rbs,-0.9217764989773662,0.0,False,0,,0.0,0.461733525153395,ATATTTAAATATATAATATATTTATTTTATTTTT
upstream_only,A1_AmtR__A1,rbs,-1.1979533773975208,0.23529411764705882,False,0,,0.0,0.5144246404491954,ATGCTAATGTGTTTTGAATGATGTTGTATATTAA
upstream_only,A1_AmtR__A1,rbs,-0.8780535162252415,0.14705882352941177,False,0,,0.0,0.5271155019779785,CAATTTTGAAAAACAAAATAATTTTGTTTAACAA
upstream_only,A1_AmtR__A1,rbs,-0.8504567120806802,0.0,False,0,,0.0,0.47243149318789796,AAATTAATAAAATAAAATATAAAATAAAAAATTA
upstream_only,A1_AmtR__AmtR,cds,-0.24471457190621707,0.03288490284005979,False,0,,,0.5764467753500914,GTTTGATTTTGGTGTGATTGTTTTGATATATTGTGTGAGAATTTTTTTGTTTTGTTTTTTTTTAAATTGTATAATGATTTTGAAAAGTTTATATTATGATTTTTATATTAAAAAATGAAATTTGTTTTAATGAAAAAAAAAAAAAAAAAAAAAAAAAAAAAAAAAAAAAAAAAAAAAAAAAAAAAAAAAAAAAAAAAAAAAAAAAAAAAAAAAAAAAAAAAAAAAAAAAAAAAAAAAAAAAAAAAAAAAAAAAAAAAAAAAAAAAAAAAAAAAAAAAAAAAAAAAAAAAAAAAAAAAAAAAAAAAAAAAAAAAAAAAAAAAAAAAAAAAAAAAAAAAAAAAAAAAAAAAAAAAAAAAAAAAAAAAAAAAAAAAAAAAAAAAAAAAAAAAAAAAAAAAAAAAAAAAAAAAAAAAAAAAAAAAAAAAAAAAAAAAAAAAAAAAAAAAAAAAAAAAAAAAAAAAAAAAAAAAAAAAAAAAAAAAAAAAAAAAAAAAAAAAAAAAAAAAAAAAAAAAAAAAAAAAAAAAAAAAAAAAAAAAAAAAAAAAAAAAAAAAAAAAAAAAAAAAAAAAAAAAAAAAAAAAAAAAAAAAAAAAAAAAAAAAAAAAAAAAAAAAAAAAAAAAAAAAAAAAAAAAAAAAAAAAAAAAAAAAAAAAAAAAAAAAAAAAAAAA
upstream_only,A1_AmtR__AmtR,cds,-0.09875543298451524,0.49327354260089684,True,0,,,0.7824961020926815,GAAAAAGGGGGGTTTTGTGGTGTGTATGTAAGAATGTGTGTATGTGTGTGTGTGTGTGTGTGTGTGTGTGTGTGTGTGTGTGTGTGTGTGTGTGTGTGTGTGTGTGTGTGTGTGTGTGTGTGTGTGTGTGTGTGTGTGTGTGTGTGTGTGTGTGTGTGTGTGTGTGTGTGTGTGTGTGTGTGTGTGTGTGTGTGTGTGTGTGTGTGTGTGTGTGTGTGTGTGTGTGTGTGTGTGTGTGTGTGTGTGTGTGTGTGTGTGTGTGTGTGTGTGTGTGTGTGTGTGTGTGTGTGTGTGTGTGTGTGTGTGTGTGTGTGTGTGTGTGTGTGTGTGTGTGTGTGTGTGTGTGTGTGTGTGTGTGTGTGTGTGTGTGTGTGTGTGTGTGTGTGTGTGTGTGTGTGTGTGTGTGTGTGTGTGTGTGTGTGTGTGTGTGTGTGTGTGTGTGTGTGTGTGTGTGTGTGTGTGTGTGTGTGTGTGTGTGTGTGTGTGTGTGTGTGTGTGTGTGTGTGTGTGTGTGTGTGTGTGTGTGTGTGTGTGTGTGTGTGTGTGTGTGTGTGTGTGTGTGTGTGTGTGTGTGTGTGTGTGTGTGTGTGTGTGTGTGTGTGTGTGTGTGTGTGTGTGTGTGTGTGTGTGTGTGTGTGTGTGTGTGTGTGTGTGTGTGTGTGTGTGTGT
upstream_only,A1_AmtR__AmtR,cds,-0.09323768720876155,0.2705530642750374,False,0,,,0.6942355726287006,GATTTATGGAGAAAATGAAGAAGAAGAAAAAAAGAAGAAAAGAAGAAGAAAAAAAGAAGAAAAGAAGAAGAAAAGAAGAAGAAAAGAAGAAGAAAAGAAGAAGAAAAGAAGAAGAAAAGAAGAAGAAAAGAAGAAGAAAAGAAGAAGAAAAGAAGAAGAAAAGAAGAAGAAAAGAAGAAGAAAAGAAGAAGAAAAGAAGAAGAAAAGAAGAAGAAAAGAAGAAGAAAAGAAGAAGAAAAGAAGAAGAAAAGAAGAAGAAAAGAAGAAGAAAAGAAGAAGAAAAGAAGAAGAAAAGAAGAAGAAAAGAAGAAGAAAAGAAGAAGAAAAGAAGAAGAAAAGAAGAAGAAAAGAAGAAGAAAAGAAGAAGAAAAGAAGAAGAAAAGAAGAAGAAAAGAAGAAGAAAAGAAGAAGAAAAGAAGAAGAAAAGAAGAAGAAAAGAAGAAGAAAAGAAGAAGAAAAGAAGAAGAAAAGAAGAAGAAAAGAAGAAGAAAAGAAGAAGAAAAGAAGAAGAAAAGAAGAAGAAAAGAAGAAGAAAAGAAGAAGAAAAGAAGAAGAAAAGAAGAAGAAAAGAAGAAGAAAAGAAGAAGAAAAGAAGAAGAAAAGAAGAAGAAAAGAAGAAGAAAAGAAGAAGAAAAGAAGAAGAAAAGAAGAAGAAAAGAAGAAGAAAAG
upstream_only,A1_AmtR__AmtR,cds,-0.07140157296721868,0.007473841554559043,False,0,,,0.5922793006767408,AAGATTGTTTTAAAAAAAGAAAAAAAGAAAAAAAAAAAAGAAAAAAAAAAAAAAAAAAAAAAAAAAAAAAAAAAAAAAAAAAAAAAAAAAAAAAAAAAAAAAAAAAAAAAAAAAAAAAAAAAAAAAAAAAAAAAAAAAAAAAAAAAAAAAAAAAAAAAAAAAAAAAAAAAAAAAAAAAAAAAAAAAAAAAAAAAAAAAAAAAAAAAAAAAAAAAAAAAAAAAAAAAAAAAAAAAAAAAAAAAAAAAAAAAAAAAAAAAAAAAAAAAAAAAAAAAAAAAAAAAAAAAAAAAAAAAAAAAAAAAAAAAAAAAAAAAAAAAAAAAAAAAAAAAAAAAAAAAAAAAAAAAAAAAAAAAAAAAAAAAAAAAAAAAAAAAAAAAAAAAAAAAAAAAAAAAAAAAAAAAAAAAAAAAAAAAAAAAAAAAAAAAAAAAAAAAAAAAAAAAAAAAAAAAAAAAAAAAAAAAAAAAAAAAAAAAAAAAAAAAAAAAAAAAAAAAAAAAAAAAAAAAAAAAAAAAAAAAAAAAAAAAAAAAAAAAAAAAAAAAAAAAAAAAAAAAAAAAAAAAAAAAAAAAAAAAAAAAAAAAAAAAAAAAAAAAAAAAAAAAAAAAAAAAAAAAAAAAAAAAAAAAAAAAAAAAAAAAAAAAAAAAAAAAAAAAAAAAAAAAAAAAAAA
upstream_only,A1_AmtR__AmtR,cds,-0.03828752171081521,0.2765321375186846,False,0,,,0.7048697267508516,ATTAAAAGAGGTTACTAGATTAAAAGAGGTTACTAGATTAAAAGAGGTTACTAGATTAAAAGAGGTTACTAGATTAAAAGAGGTTACTAGATTAAAAGAGGTTACTAGATTAAAAGAGGTTACTAGATTAAAAGAGGTTACTAGATTAAAAGAGGTTACTAGATTAAAAGAGGTTACTAGATTAAAAGAGGTTACTAGATTAAAAGAGGTTACTAGATTAAAAGAGGTTACTAGATTAAAAGAGGTTACTAGATTAAAAGAGGTTACTAGATTAAAAGAGGTTACTAGATTAAAAGAGGTTACTAGATTAAAAGAGGTTACTAGATTAAAAGAGGTTACTAGATTAAAAGAGGTTACTAGATTAAAAGAGGTTACTAGATTAAAAGAGGTTACTAGATTAAAAGAGGTTACTAGATTAAAAGAGGTTACTAGATTAAAAGAGGTTACTAGATTAAAAGAGGTTACTAGATTAAAAGAGGTTACTAGATTAAAAGAGGTTACTAGATTAAAAGAGGTTACTAGATTAAAAGAGGTTACTAGATTAAAAGAGGTTACTAGATTAAAAGAGGTTACTAGATTAAAAGAGGTTACTAGATTAAAAGAGGTTACTAGATTAAAAGAGGTTACTAGATTAAAAGAGGTTACTAGATTAAAAGAGGTTACTAGATT
upstream_only,A1_AmtR__AmtR,cds,-0.24044458390890783,0.20926756352765322,False,0,,,0.6476403378247251,TAGGATTTGGTGGAGAGATAAAAAAAGGGTTTTTTAAAGAAAGAAATATAATTGAATAATTTATAATTATAAATTAATAATTATTTAATTTTTTTATATAAATTTTATATTTTTTTTAAATAAAAAATATAAAATTTATATAAAAAAATTAAATAATTATTAATTTATAATTATAAATTATTCAATTATATTTCTTTCTTTAAAAAACCCTTTTTTTATCTCTCCACCAAATCCTACTAGTAACCTCTTTGCTGATTATTAGGGAACATTTTAAACAAAATTATTTGTAGAGGGGTGTTTCGTCCTTTCGGACTCATCAGTCAAGGTACGCACCTTGAGACACCCTTCAAAGAAAGAAATATAATTGAATAATTTATAATTATAAATTAATAATTATTTAATTTTTTTATATAAATTTTATATTTTTTTTAAATAAAAAATATAAAATTTATATAAAAAAATTAAATAATTATTAATTTATAATTATAAATTATTCAATTATATTTCTTTCTTTAAAAAACCCTTTTTTTATCTCTCCACCAAATCCTACTAGTAACCTCTTTGCTGATTATTAGGGAACATTTTAAACAAAATTATTTGTAGAGGGGTGTTTCGTCCTTTCGGACTCATCAGTCAAGGTACGCACCTTGAGACACCCTTCAAGATACG
upstream_only,A1_AmtR__AmtR,cds,-0.16757688875466972,0.5710014947683109,True,0,,,0.7464628687794752,AGTTATTGTGAAATTAATTTTAAGAGTGTTTATAAAGAAAATGGAGAAAGGGTGTTGGGAGGGTGAGGGAAGGGAAGGAAGGGAAGGAAGGGAAGGGAAGGGAAGGGAAGGGAAGGGAAGGGAAGGGAAGGGAAGGGAAGGGAAGGGAAGGGAAGGGAAGGGAAGGGAAGGGAAGGGAAGGGAAGGGAAGGGAAGGGAAGGGAAGGGAAGGGAAGGGAAGGGAAGGGAAGGGAAGGGAAGGGAAGGGAAGGGAAGGGAAGGGAAGGGAAGGGAAGGGAAGGGAAGGGAAGGGAAGGGAAGGGAAGGGAAGGGAAGGGAAGGGAAGGGAAGGGAAGGGAAGGGAAGGGAAGGGAAGGGAAGGGAAGGGAAGGGAAGGGAAGGGAAGGGAAGGGAAGGGAAGGGAAGGGAAGGGAAGGGAAGGGAAGGGAAGGGAAGGGAAGGGAAGGGAAGGGAAGGGAAGGGAAGGGAAGGGAAGGGAAGGGAAGGGAAGGGAAGGGAAGGGAAGGGAAGGGAAGGGAAGGGAAGGGAAGGGAAGGGAAGGGAAGGGAAGGGAAGGGAAGGGAAGGGAAGGGAAGGGAAGGGAAGGGAAGGGAAGGGAAGGGAAGGGAAGGGAAGGGAAGGGAAGGGAAGGGAAGGGAAGGGAAGGGAAGGGAAGGGAAGGGAAGGGAA
upstream_only,A1_AmtR__AmtR,cds,-0.06333679426817365,0.005979073243647235,False,0,,,0.5928911101572328,TGAGATAATTAGTTTATTTGTTTATTTATTTATTTATTTATTTATTTATTTATTTATTTATTTATTTATTTATTTATTTATTTATTTATTTATTTATTTATTTATTTATTTATTTATTTATTTATTTATTTATTTATTTATTTATTTATTTATTTATTTATTTATTTATTTATTTATTTATTTATTTATTTATTTATTTATTTATTTATTTATTTATTTATTTATTTATTTATTTATTTATTTATTTATTTATTTATTTATTTATTTATTTATTTATTTATTTATTTATTTATTTATTTATTTATTTATTTATTTATTTATTTATTTATTTATTTATTTATTTATTTATTTATTTATTTATTTATTTATTTATTTATTTATTTATTTATTTATTTATTTATTTATTTATTTATTTATTTATTTATTTATTTATTTATTTATTTATTTATTTATTTATTTATTTATTTATTTATTTATTTATTTATTTATTTATTTATTTATTTATTTATTTATTTATTTATTTATTTATTTATTTATTTATTTATTTATTTATTTATTTATTTATTTATTTATTTATTTATTTATTTATTTATTTATTTATTTATTTATTTATTTATTTATTTATTTATTTATTTATTTATTTATTTATTTATTTATTTATTTATTTAT
upstream_only,A1_AmtR__AmtR,cds,-0.5643295595609129,0.2914798206278027,False,0,,,0.6319424943169841,AAAAGTAGCCTTTAAGGATGGTTTGATTTAGATATTTAAAATTGATATTAGGACGAAATCCTCCATCCTTTTTTGGGACTAAAAAGATTTGGGAGTAAAACCCTGTATTTCTTTCTGATAAAGGGACTGGAACAATTGCCTGTGATTCTAAAAGAGAAGAAATTTCTTGTAAAAGAGCATCTTGTTTTTGAGGGGAAGAAGGTAAATTTGTAGGAAGAAAATGATGAGGAGGAAGAGAAGAAAATTCTAATCTGTAACCATTGGAAATAATATCTAAAATCCAAGGATCTTGAATAGAATTTTTCCAAATATCCTGAAATAATAAAAGACGACCCCCCACTGGAAAAAAGGGATGGGGGGAGACCTCATCAAAAAGAGGACTTATCTTTTGGTTTAGAAGATTTAGATTTAGACCAAGAAGGTTGAGATTTCCAAGAAGAATTATTCTTAAAATTCTTTTGATTATCAGAAAAAGATTTAGAAGAAAAATTTCTTTTAGAAGAAAAATTAGAAGATTTTGAAAAAGAATTAGAAGAAAATTTTTTAGAAGGAAAAGAAGAAGAAAATTTTTTAGAAGGAAAAGAAGAAGAAAATTTTTTAGAAGGAAAAGAAGAAGAAAATTTTTTAGAAGGAAAAGAAGAAGAAAATTTTTTAGAAGGAAAAGAAGAA
upstream_only,A1_AmtR__AmtR,cds,-0.05479694083728597,0.36771300448430494,True,0,,,0.7388656606681291,TAATTGTATAAAATACTGAAGGGTGTCTCAAGGTGCGTACCTTGACTGATGAGTCCGAAAGGACGAAACACCCCTCTACAAATAATTTTGTTTAAAATGTTCCCTAATAATCAGCAAAGAGGTTACTAGTAATTGTATAAAATACTGAAGGGTGTCTCAAGGTGCGTACCTTGACTGATGAGTCCGAAAGGACGAAACACCCCTCTACAAATAATTTTGTTTAAAATGTTCCCTAATAATCAGCAAAGAGGTTACTAGTAATTGTATAAAATACTGAAGGGTGTCTCAAGGTGCGTACCTTGACTGATGAGTCCGAAAGGACGAAACACCCCTCTACAAATAATTTTGTTTAAAATGTTCCCTAATAATCAGCAAAGAGGTTACTAGTAATTGTATAAAATACTGAAGGGTGTCTCAAGGTGCGTACCTTGACTGATGAGTCCGAAAGGACGAAACACCCCTCTACAAATAATTTTGTTTAAAATGTTCCCTAATAATCAGCAAAGAGGTTACTAGTAATTGTATAAAATACTGAAGGGTGTCTCAAGGTGCGTACCTTGACTGATGAGTCCGAAAGGACGAAACACCCCTCTACAAATAATTTTGTTTAAAATGTTCCCTAATAATCAGCAAAGAGGTTACTAGTAATTGTATAAAATACTGAAGGGT
upstream_only,A1_AmtR__L3S2P55,terminator,-0.7520608800259189,0.3684210526315789,True,0,-18.399999618530273,,0.6991206912190253,TAAAAAAACCGCCGAAAGGCGGTTTTTTTATTGCCTTAAAAATGACAGGAAATACCG
upstream_only,A1_AmtR__L3S2P55,terminator,-0.7387914258173378,0.42105263157894735,True,0,-17.799999237060547,,0.7200584764328749,ATAAAAAGCCTCTCATATGAGAGGCTTTTTTTATGCCATTTTTTCGCCGCGCAGCAG
upstream_only,A1_AmtR__L3S2P55,terminator,-0.7994824197485055,0.15789473684210525,False,0,-9.5,,0.5765688651078996,GCATCTGCCTTTTTTCTTTTTATAAAAAAATTACTTTTTAAAAAGTAATTTTTTTTA
upstream_only,A1_AmtR__L3S2P55,terminator,-0.7401273991577497,0.3157894736842105,False,0,-20.799999237060547,,0.688279133063392,ATAAATAAAAAAGCCCGATCATCTGATCGGGCTTTTTTTATGCAGCTTTTTTAGATT
upstream_only,A1_AmtR__L3S2P55,terminator,-0.7685490313925627,0.24561403508771928,False,0,-18.799999237060547,,0.6489281689299246,TTAAAAATCAAAAATTTTAAAAAATCTCCGGAGTTTTCCGGAGATTTTTTTATGCTT
upstream_only,A1_AmtR__L3S2P55,terminator,-0.6954527312113168,0.2807017543859649,False,0,-19.200000762939453,,0.6753312158023006,TTAATATTTTGCTGAAATAAAAAGGCAGTTCTTCGGAACTGCCTTTTTTGTTTTTTA
upstream_only,A1_AmtR__L3S2P55,terminator,-0.7621018005317391,0.19298245614035087,False,0,-17.700000762939453,,0.6249829782112548,TTATTTTTAAAATAATTTAAAAAATTATTTAAAAAAGACCGCAGAAATGCGGTCTTT
upstream_only,A1_AmtR__L3S2P55,terminator,-0.8595316004560405,0.3508771929824561,True,0,-17.899999618530273,,0.6742281533299457,AAAAATCCCCCGCAAAAAAACGGGGGATTTTTTTTGTGCAGTAAAAATTAATCGTGA
upstream_only,A1_AmtR__L3S2P55,terminator,-0.8055831374791217,0.3157894736842105,False,0,-20.899999618530273,,0.678811650846659,AATATAAAAAAGCCGCCTTTTGGGCGGCTTTTTTTTATGGATTTTCAATATCTACAA
upstream_only,A1_AmtR__L3S2P55,terminator,-0.7092471484279362,0.3508771929824561,True,0,-19.600000381469727,,0.7027357360918437,GTTTTTGCAGAAAAAATAAAAGCCCGCTGAAAAGCGGGCTTTTTTGTTGGTTATTTT
full_context,A1_AmtR__BydvJ,spacer,-0.8166921464357351,0.0625,False,0,-7.0,,0.5199961780346396,ACAATTTACTTTACAGTATAAAGTAAATTTTTTTATTTTTTTTTTATTTTTTTTTAATTTTTTTTTAATTTTTTTTTTAA
full_context,A1_AmtR__BydvJ,spacer,-1.1206103545557848,0.25,False,0,-5.300000190734863,,0.5451584472934694,TGAAGTGATAAATGATATATGGATAAGAGTAGAAAGTTTTTTAAAGAAAGGTAAGAAAGGATTAATTTTAGGTAATCATG
full_context,A1_AmtR__BydvJ,spacer,-0.9114673665159876,0.025,False,0,-6.199999809265137,,0.4887798945457647,CTACTTTAATATAATTAAAATAAAATTTAAAAAATTATTTTTTATAAAAAAAATTAAAATTTAAAATTATTAAAATTATA
full_context,A1_AmtR__BydvJ,spacer,-1.0289849875533217,0.225,False,0,-3.5,,0.5444022518670018,GAATCTGTCTCAAATCCAAACTCTTGTAATAAAGAAGAAATTTTTTCTACATCATCTTTTTTTATTAAAATATCAATATC
full_context,A1_AmtR__BydvJ,spacer,-1.2467940548803795,0.2125,False,0,-12.5,,0.529230891767943,AGTATTAATAACTTTAAAAGTGAAATTTAAATACCAATTTTGAAGAGTTGTTTATGGCTTCATATTATGAAGAAGTATTA
full_context,A1_AmtR__BydvJ,spacer,-1.0256562040024788,0.775,False,0,-47.099998474121094,,0.6361515693996281,CTTTCGGTGGCGAGCGCGATGCCGAGCTCGCGCAGCGTGCCGACCAGCTCCGGCACGGCGCGGTCGAGCGCGGCGCGCGT
full_context,A1_AmtR__BydvJ,spacer,-1.0308366728062028,0.8125,False,0,-46.900001525878906,,0.6203744990790696,AGTGCGCATCCTCGATGCGCAGGTGCGCGGCGTGGCCGGCCAGGCCCGCCAGCAGGGCGGCGCGCTGCTCGCGGGCGGCG
full_context,A1_AmtR__BydvJ,spacer,-1.0810563314720452,0.3125,False,0,-5.199999809265137,,0.5758415498023561,TTGAACTGAATGTTGAGGATACAAATGGAGAAAATTCTGAAACAGAAGATGTGGAAGAAGATATAGAAAATGAAGAAGAA
full_context,A1_AmtR__BydvJ,spacer,-0.2895067404273132,0.0125,False,0,0.0,,0.561573988935903,GTAATTAAAAAAAAAAAAAAAAAAAAAAAAAAAAAAAAAAAAAAAAAAAAAAAAAAAAAAAAAAAAAAAAAAAAAAAAAA
full_context,A1_AmtR__BydvJ,spacer,-0.9212316966811782,0.1,False,0,-2.299999952316284,,0.507565245378614,ATTCAAACTTTAATACTTTTAATTCAATTATTGCAATAAAACATATTGAAAAAAAAAAAAAAAAAAAAAAAAAAAAAAAA
full_context,A1_AmtR__A1,rbs,-1.0701286979638305,0.11764705882352941,False,0,,0.0,0.4865395188348372,TATTATATGTTAATATGTTATTATGTATGTAAAT
full_context,A1_AmtR__A1,rbs,-0.6430026287242373,0.0,False,0,,0.0,0.5035496056913644,ATTAATAAATTTTTTTTTTTTTTTTTTTTTTTTT
full_context,A1_AmtR__A1,rbs,-0.6166578289347611,0.0,False,0,,0.0,0.5075013256597859,TAAAAATTTATTATATATATATATATATATATAT
full_context,A1_AmtR__A1,rbs,-0.8464057295876564,0.0,False,0,,0.0,0.47303914056185153,TTTTTTTTTAAAAATAAATAAAATTTTAAAAAAT
full_context,A1_AmtR__A1,rbs,-1.1167355295739956,0.17647058823529413,False,0,,0.0,0.5030779058580183,TAAAAATGGTTTTAAAATTATCCAATGAATTTTG
full_context,A1_AmtR__A1,rbs,-0.93081792436075,0.0,False,0,,0.0,0.4603773113458875,TTAAAATAAATAAAATATTTAAAAATTATTTAAT
full_context,A1_AmtR__A1,rbs,-0.7829505283045967,0.058823529411764705,False,0,,0.0,0.5060868325190164,AATGAAAATGAATTTTTTTTTTTTTTTTTTTTTT
full_context,A1_AmtR__A1,rbs,-0.8969058556078177,0.14705882352941177,False,0,,0.0,0.524287651070592,CTGTATTATTTTTACTGTATTATTTTTATTGTAT
full_context,A1_AmtR__A1,rbs,-0.28814660375476603,0.0,False,0,,0.0,0.5567780094367851,AAAAAAAAAAAAAAAAAAAAAAAAAAAAAAAAAA
full_context,A1_AmtR__A1,rbs,-0.6968231256443891,0.029411764705882353,False,0,,0.0,0.5072412370356945,CAAAAATAAAATAAAAAATAAAATAAAAAATAAA
full_context,A1_AmtR__AmtR,cds,-0.2878591950879452,0.12855007473841554,False,0,,,0.6082411506321744,GGAATGAAACATGTTTTTGGAATTATTGGAATGAATTATGTATTTTTGTAAATTGTTTATTGATAATTTTTGAAAAAATGTTTATTTAAATGAATTAATAATTTTGTTTTGAATTATTGTTTGTATTGTATTTGTATTTTAAATAATTGTTTTTGAATAAATTAATTATTTTGTTTTGAATTATTGTTTGTATTGTATTTGTATTTTAAATAATTGTTTTTGAATAAATTAATTATTTTGTTTTGAATTATTGTTTGTATTGTATTTGTATTTTAAATAATTGTTTTTGAATAAATTAATTATTTTGTTTTGAATTATTGTTTGTATTGTATTTGTATTTTAAATAATTGTTTTTGAATAAATTAATTATTTTGTTTTGAATTATTGTTTGTATTGTATTTGTATTTTAAATAATTGTTTTTGAATAAATTAATTATTTTGTTTTGAATTATTGTTTGTATTGTATTTGTATTTTAAATAATTGTTTTTGAATAAATTAATTATTTTGTTTTGAATTATTGTTTGTATTGTATTTGTATTTTAAATAATTGTTTTTGAATAAATTAATTATTTTGTTTTGAATTATTGTTTGTATTGTATTTGTATTTTAAATAATTGTTTTTGAATAAATTAATTATTTTGTTTTGAATTATTGTTTGTATTGTATTT
full_context,A1_AmtR__AmtR,cds,-0.03322875028834153,0.31689088191330345,False,0,,,0.7217720402220701,TAATCAACAAAGAGGTTACTAGTAATCAACAAAGAGGTTACTAGTAATCAACAAAGAGGTTACTAGTAATCAACAAAGAGGTTACTAGTAATCAACAAAGAGGTTACTAGTAATCAACAAAGAGGTTACTAGTAATCAACAAAGAGGTTACTAGTAATCAACAAAGAGGTTACTAGTAATCAACAAAGAGGTTACTAGTAATCAACAAAGAGGTTACTAGTAATCAACAAAGAGGTTACTAGTAATCAACAAAGAGGTTACTAGTAATCAACAAAGAGGTTACTAGTAATCAACAAAGAGGTTACTAGTAATCAACAAAGAGGTTACTAGTAATCAACAAAGAGGTTACTAGTAATCAACAAAGAGGTTACTAGTAATCAACAAAGAGGTTACTAGTAATCAACAAAGAGGTTACTAGTAATCAACAAAGAGGTTACTAGTAATCAACAAAGAGGTTACTAGTAATCAACAAAGAGGTTACTAGTAATCAACAAAGAGGTTACTAGTAATCAACAAAGAGGTTACTAGTAATCAACAAAGAGGTTACTAGTAATCAACAAAGAGGTTACTAGTAATCAACAAAGAGGTTACTAGTAATCAACAAAGAGGTTACTAGTAATCAACAAAGAGGTTACTAGTAATCAACAAAGAGGTTACTAGTAATCAACA
full_context,A1_AmtR__AmtR,cds,-0.3224811146140244,0.03139013452914798,False,0,,,0.5641838866195554,TTGTGATTGTAATAACATATGAAATGTTTAATTTTAATATTTGAAAATTAAGTACTAATTTTGTTTGAAATAAAGTGTTTTGTATAAATATATGTTTTTGTGTAATTATATGTAATGTGTAATTTTATTTTGAAAATTATAATAAAATTATAAAAAAAATATTTAAAAAAAAATTATTTAAAAAAAAAAATTTTAAAAAAAAAATTTAAAAAAAAAATTTTAAAAAAAAAATTTAAAAAAAAAATTTAAAAAAAAAATTTAAAAAAAAAATTTAAAAAAAAAATTTAAAAAAAAAATTTAAAAAAAAAATTTAAAAAAAAAATTTAAAAAAAAAATTTAAAAAAAAAATTTAAAAAAAAAATTTAAAAAAAAAATTTAAAAAAAAAATTTAAAAAAAAAATTTAAAAAAAAAATTTAAAAAAAAAATTTAAAAAAAAAATTTAAAAAAAAAATTTAAAAAAAAAATTTAAAAAAAAAATTTAAAAAAAAAATTTAAAAAAAAAATTTAAAAAAAAAATTTAAAAAAAAAATTTAAAAAAAAAATTTAAAAAAAAAATTTAAAAAAAAAATTTAAAAAAAAAATTTAAAAAAAAAATTTAAAAAAAAAATTTAAAAAAAAAATTTAAAAAAAAAATTTAAAAAAAAAATTTAAAAAAAAAATTTAAAAAA
full_context,A1_AmtR__AmtR,cds,-0.18028146307107032,0.028400597907324365,False,0,,,0.5843180197022692,GTTACAAATGTGTTTGAAATAATACATAAATAATGTGCTACAAATGAAATGTTTACTTGTGTGCATATACATATGTAATTAAATATATAAATATATATATATATATATATATATATATATATATATATATATATATATATATATATATATATATATATATATATATATATATATATATATATATATATATATATATATATATATATATATATATATATATATATATATATATATATATATATATATATATATATATATATATATATATATATATATATATATATATATATATATATATATATATATATATATATATATATATATATATATATATATATATATATATATATATATATATATATATATATATATATATATATATATATATATATATATATATATATATATATATATATATATATATATATATATATATATATATATATATATATATATATATATATATATATATATATATATATATATATATATATATATATATATATATATATATATATATATATATATATATATATATATATATATATATATATATATATATATATATATATATATATATATATATATATATATATATATATATATATATATATATATATATATATATATATATATATATATATATATATATATATATATATATATATA
full_context,A1_AmtR__AmtR,cds,-0.19565393328558212,0.04185351270553064,False,0,,,0.5873933150893749,TAATAGATTTATTGAGGGAAAATGAAATGTTGTTAAGTAGTAAGTAAAATTTGTTTATATAGCACCTTTCACAGACATAAAATCACAAAGTGCTTCACAAGAAAATAAAATAAAAATAAAAATAAAAATAAAAAATAAAAAAAAAAAATAAAAAATAAAAATAAAAATAAAAATAAAAATAAAAATAAAAATAAAAATAAAAATAAAAATAAAAATAAAAATAAAAATAAAAATAAAAATAAAAATAAAAATAAAAATAAAAATAAAAATAAAAATAAAAATAAAAATAAAAATAAAAATAAAAATAAAAATAAAAATAAAAATAAAAATAAAAATAAAAATAAAAATAAAAATAAAAATAAAAATAAAAATAAAAATAAAAATAAAAATAAAAATAAAAATAAAAATAAAAATAAAAATAAAAATAAAAATAAAAATAAAAATAAAAATAAAAATAAAAATAAAAATAAAAATAAAAATAAAAATAAAAATAAAAATAAAAATAAAAATAAAAATAAAAATAAAAATAAAAATAAAAATAAAAATAAAAATAAAAATAAAAATAAAAATAAAAATAAAAATAAAAATAAAAATAAAAATAAAAATAAAAATAAAAATAAAAATAAAAATAAAAATAAAAATAAAAATAAAAATAAAAATAAAAATAAA
full_context,A1_AmtR__AmtR,cds,-0.1054563482660058,0.007473841554559043,False,0,,,0.5871710843819228,ATGTAGATAGTTTTGTTAAATTATGAATTATTTATATTATAAATATATTATATTATATTATATTATATTATATTATATTATATTATATTATATTATATTATATTATATTATATTATATTATATTATATTATATTATATTATATTATATTATATTATATTATATTATATTATATTATATTATATTATATTATATTATATTATATTATATTATATTATATTATATTATATTATATTATATTATATTATATTATATTATATTATATTATATTATATTATATTATATTATATTATATTATATTATATTATATTATATTATATTATATTATATTATATTATATTATATTATATTATATTATATTATATTATATTATATTATATTATATTATATTATATTATATTATATTATATTATATTATATTATATTATATTATATTATATTATATTATATTATATTATATTATATTATATTATATTATATTATATTATATTATATTATATTATATTATATTATATTATATTATATTATATTATATTATATTATATTATATTATATTATATTATATTATATTATATTATATTATATTATATTATATTATATTATATTATATTATATTATATTATATTATATTATATTATATTATATTATATTATATTATATTATATTATATT
full_context,A1_AmtR__AmtR,cds,-0.20646408417649864,0.5201793721973094,True,0,,,0.7609586384946014,ATTGAAAGAGGAAAATAAGGTTGGAAAAGATTGGGTTGTGGAGATAGAAAGTGAAGGAAATATGGAGGAAAGTGAAGGGGAAGGTAGTGGGGAGGAAAAGGGTGAGGAAAGTGAAGGGGAAGGTAGTGGGGAGGAAAAGGGTGAGGAAAGTGAAGGGGAAGGTAGTGGGGAGGAAAAGGGTGAGGAAAGTGAAGGGGAAGGTAGTGGGGAGGAAAAGGGTGAGGAAAGTGAAGGGGAAGGTAGTGGGGAGGAAAAGGGTGAGGAAAGTGAAGGGGAAGGTAGTGGGGAGGAAAAGGGTGAGGAAAGTGAAGGGGAAGGTAGTGGGGAGGAAAAGGGTGAGGAAAGTGAAGGGGAAGGTAGTGGGGAGGAAAAGGGTGAGGAAAGTGAAGGGGAAGGTAGTGGGGAGGAAAAGGGTGAGGAAAGTGAAGGGGAAGGTAGTGGGGAGGAAAAGGGTGAGGAAAGTGAAGGGGAAGGTAGTGGGGAGGAAAAGGGTGAGGAAAGTGAAGGGGAAGGTAGTGGGGAGGAAAAGGGTGAGGAAAGTGAAGGGGAAGGTAGTGGGGAGGAAAAGGGTGAGGAAAGTGAAGGGGAAGGTAGTGGGGAGGAAAAGGGTGAGGAAAGTGAAGGGGAAGGTAGTGGGGAGGAAAAGGGTGAGGAAAGTGAAGGGGAAGG
full_context,A1_AmtR__AmtR,cds,-0.3554856017658322,0.28550074738415543,False,0,,,0.6608774586887873,ATACATAATAACTGGGGAAAAAGAGATTGATTTTAATAAAATAGGAGATTTATTAGATATAAGGTTTTTTGATATAAGGAAATATTTAAAAGAAGAAGAGATAGAGAAAATAGTAATAAAGAATTTAGAGAAGGAATTAGAAGAGGAGAATAAAATAATAGAGGAGATTAAAAAATTAGAGGAGGAAGAGGAAATAATAGAAGAAGAGATAAAGAAGGAAGAAGAGGAAATAATAGAAGAAGAGATAAAGAAGGAAGAAGAGGAAATAATAGAAGAAGAGATAAAGAAGGAAGAAGAGGAAATAATAGAAGAAGAGATAAAGAAGGAAGAAGAGGAAATAATAGAAGAAGAGATAAAGAAGGAAGAAGAGGAAATAATAGAAGAAGAGATAAAGAAGGAAGAAGAGGAAATAATAGAAGAAGAGATAAAGAAGGAAGAAGAGGAAATAATAGAAGAAGAGATAAAGAAGGAAGAAGAGGAAATAATAGAAGAAGAGATAAAGAAGGAAGAAGAGGAAATAATAGAAGAAGAGATAAAGAAGGAAGAAGAGGAAATAATAGAAGAAGAGATAAAGAAGGAAGAAGAGGAAATAATAGAAGAAGAGATAAAGAAGGAAGAAGAGGAAATAATAGAAGAAGAGATAAAGAAGGAAGAAGAGGAAATAATAGA
full_context,A1_AmtR__AmtR,cds,-0.18571183630093283,0.025411061285500747,False,0,,,0.5823076490690603,TAATTTGAAAAAAGATGTAAAAGGGAGATTAAATGAAGATGTTTTTGTTGGAATAGGAAGAAATAAATTATTTAAATGAAATAAATAAATTAAATAAATTAAATAAATAAATAAATAAATAAATAAATAAATAAATAAATAAATAAATAAATAAATAAATAAATAAATAAATAAATAAATAAATAAATAAATAAATAAATAAATAAATAAATAAATAAATAAATAAATAAATAAATAAATAAATAAATAAATAAATAAATAAATAAATAAATAAATAAATAAATAAATAAATAAATAAATAAATAAATAAATAAATAAATAAATAAATAAATAAATAAATAAATAAATAAATAAATAAATAAATAAATAAATAAATAAATAAATAAATAAATAAATAAATAAATAAATAAATAAATAAATAAATAAATAAATAAATAAATAAATAAATAAATAAATAAATAAATAAATAAATAAATAAATAAATAAATAAATAAATAAATAAATAAATAAATAAATAAATAAATAAATAAATAAATAAATAAATAAATAAATAAATAAATAAATAAATAAATAAATAAATAAATAAATAAATAAATAAATAAATAAATAAATAAATAAATAAATAAATAAATAAATAAATAAATAAATAAATAAATAAATAAATAAATA
full_context,A1_AmtR__AmtR,cds,-0.07082702790023096,0.23766816143497757,False,0,,,0.6844432103889564,GAGGAATTGGAAAATTGGAAAAATGGAAAAATTGGAAAAATGGAAAAATTGGAAAAATGGAAAAATTGGAAAAATGGAAAAATTGGAAAAATGGAAAAATTGGAAAAATGGAAAAATTGGAAAAATGGAAAAATTGGAAAAATGGAAAAATTGGAAAAATGGAAAAATTGGAAAAATGGAAAAATTGGAAAAATGGAAAAATTGGAAAAATGGAAAAATTGGAAAAATGGAAAAATTGGAAAAATGGAAAAATTGGAAAAATGGAAAAATTGGAAAAATGGAAAAATTGGAAAAATGGAAAAATTGGAAAAATGGAAAAATTGGAAAAATGGAAAAATTGGAAAAATGGAAAAATTGGAAAAATGGAAAAATTGGAAAAATGGAAAAATTGGAAAAATGGAAAAATTGGAAAAATGGAAAAATTGGAAAAATGGAAAAATTGGAAAAATGGAAAAATTGGAAAAATGGAAAAATTGGAAAAATGGAAAAATTGGAAAAATGGAAAAATTGGAAAAATGGAAAAATTGGAAAAATGGAAAAATTGGAAAAATGGAAAAATTGGAAAAATGGAAAAATTGGAAAAATGGAAAAATTGGAAAAATGGAAAAATTGGAAAAATGGAAAAATTGGAAAAATGGAAAAATTGGAAAAATGGAAAAATTGGAAAAA
full_context,A1_AmtR__L3S2P55,terminator,-0.7504809906410261,0.2807017543859649,False,0,-18.899999618530273,,0.6660243412934259,ATAATTGCAAATAAAAAAGCGCAGTTTTAAACTGCGCTTTTTTTGTTTTTAATCAGG
full_context,A1_AmtR__L3S2P55,terminator,-0.8547063587470011,0.2631578947368421,False,0,-18.799999237060547,,0.6430221136864079,ATCTTTATTTTTAATCAGAAAAAGCACCGTAATTTTACGGTGCTTTTTTGTTGTATT
full_context,A1_AmtR__L3S2P55,terminator,-0.7588613804123846,0.17543859649122806,False,0,-16.700000762939453,,0.6149427254396842,ATAATTTAAATCATAAAAAAAGACCGTTTTATACGGTCTTTTTTGTTTTATAAATTA
full_context,A1_AmtR__L3S2P55,terminator,-0.7516573280761467,0.3684210526315789,True,0,-23.5,,0.7170759621920868,GTTTTGATATCTGAAATTTAAAAAGCCCCGTTTCGATGAAACGGGGCTTTTTGTTTG
full_context,A1_AmtR__L3S2P55,terminator,-0.7586102560744802,0.2807017543859649,False,0,-17.600000381469727,,0.6602435506466164,TTTGCAGTTTGTCTGAAAAATAAAAAAATCCGTTTCCGATGAAACGGATTTTTTTTA
full_context,A1_AmtR__L3S2P55,terminator,-0.8055179780277858,0.3157894736842105,False,0,-27.399999618530273,,0.7016284423082191,AAATCTTTTAAAATAAAAAAAGCCGCCCTTCATGGGCGGCTTTTTTTATTTCTGATA
full_context,A1_AmtR__L3S2P55,terminator,-0.7791398850058238,0.3157894736842105,False,0,-21.399999618530273,,0.684532524682566,GTAAATCCTGTTTTGATTAAAAAAAGACCTGTCTTCGGACAGGTCTTTTTTTGTTTA
full_context,A1_AmtR__L3S2P55,terminator,-0.766288355932447,0.2807017543859649,False,0,-21.200000762939453,,0.67172341595378,AATCTGATATCTGCAAAAAAATAAAAAAATTCCCTCCGTTTGGAGGGAATTTTTTTA
full_context,A1_AmtR__L3S2P55,terminator,-0.7325105890966817,0.2631578947368421,False,0,-25.700000762939453,,0.6855620108037063,AATTTAAATAATAAAAAAATCCCCGGAATTTCCGGGGATTTTTTTATTTGAGTGAAT
full_context,A1_AmtR__L3S2P55,terminator,-0.7980682626526924,0.3333333333333333,False,0,-19.700000762939453,,0.6827459036299539,TTTTGCAGAATAAAAAAGCGCCGTTTCGGCGCTTTTTTTGTTTTTGAGAAAATGAAA
tagged_full,A1_AmtR__BydvJ,spacer,-0.9314710350590314,0.025,False,0,-4.900000095367432,,0.4825293449795639,ATATTATACAGTTTTATAAAATTTTTTATTAAAAAAATATTTATATAAAAATATTTTAATTAAAAATATAAATTTAATAT
tagged_full,A1_AmtR__BydvJ,spacer,-0.2628560552745559,0.0375,False,0,0.0,,0.5755715917088167,ACTCTTCTTTTTTTTTTTTTTTTTTTTTTTTTTTTTTTTTTTTTTTTTTTTTTTTTTTTTTTTTTTTTTTTTTTTTTTTT
tagged_full,A1_AmtR__BydvJ,spacer,-0.7037413364475792,0.0625,False,0,-4.5,,0.5306887995328631,TAACTATAACAGTTACTTATACTTTAAATTTTAAATTTTTAATTTTTAATTTTTAATTTTTAATTTTTAATTTTTAATTT
tagged_full,A1_AmtR__BydvJ,spacer,-1.14470373361481,0.1375,False,0,-10.100000381469727,,0.5085444409114528,ATCTTTATGCATATTTTTTATTGTGCAAGCTTATAATTTTTTGTTACAATAAAATATTGAAAAATATTAATTTTAATAAT
tagged_full,A1_AmtR__BydvJ,spacer,-0.7687535847942181,0.05,False,0,-5.800000190734863,,0.5191869627577045,ACTCAATTCCTATTAAAAAATAATTTTTTTATTATTAATTTATTAAATTATTAAATTATTAAATTATTAAATTATTAAAT
tagged_full,A1_AmtR__BydvJ,spacer,-0.7492523567601844,0.1125,False,0,-2.9000000953674316,,0.5398621467243909,CACAAATTTTTTATGACGTTTCCCCAAAAAAAAATAAAAAATAAAAAAAAAATAAAAAAAAAAAAAAAAAAAAAAAAAAA
tagged_full,A1_AmtR__BydvJ,spacer,-1.0642443054717423,0.25,False,0,-4.900000095367432,,0.5526133544176572,CATCTATCATTGCCTCTGTAATATATGGTTTTGCTAATGCTTTAATTGTTTTTTCTAATAATTTCATATTATTCTCCTTT
tagged_full,A1_AmtR__BydvJ,spacer,-1.1197000328327205,0.2,False,0,-9.800000190734863,,0.5365449955519291,CATACACCCTACGGTTTAGGGATAGATTATAAAAAAATTAATGAAAAATTAGATGTAATATTTAATGAAAAATTAAATAT
tagged_full,A1_AmtR__BydvJ,spacer,-1.1690557088212632,0.4125,True,0,-9.300000190734863,,0.6128916441536476,CTCTATTTTAGGATGAAAATGGAAGGAGAGGTTTTGTTGAGGAATTGGTGGAATGGGGAAGGAAGGAGATTAGGGTTTTG
tagged_full,A1_AmtR__BydvJ,spacer,-0.7318202393009664,0.3625,True,0,-12.100000381469727,,0.6654769650585294,ATCATTAACAAAGGTAAAGGTGCTGCATTTACTTCTTATGTTGTAGTTGAAGCTAAACCTCAAGCTGAAGGTATCGTTGA
tagged_full,A1_AmtR__A1,rbs,-0.5749558507051029,0.2647058823529412,False,0,,0.3333333333333333,0.6529723086687443,ATTTAAAATAAATTATTTGTAGAGGGGTGTTTCG
tagged_full,A1_AmtR__A1,rbs,-0.8738845823076126,0.0,False,0,,0.0,0.46891731265385805,AAAAATTATATATTTTATTATTTATTTTTTATTA
tagged_full,A1_AmtR__A1,rbs,-0.7959910536896444,0.029411764705882353,False,0,,0.0,0.49236604782890625,TAAAAAATTAAAATATATTTTTTTATTAAACAAA
tagged_full,A1_AmtR__A1,rbs,-0.568610729723652,0.0,False,0,,0.0,0.5147083905414522,AAATAAATAAAAAATAAATAAATAAATAAATAAA
tagged_full,A1_AmtR__A1,rbs,-0.6803682046195054,0.0,False,0,,0.0,0.49794476930707415,TTTTTTTAAAATTTTATTTTATTTTATTTTTTTT
tagged_full,A1_AmtR__A1,rbs,-0.4159641925007054,0.2647058823529412,False,0,,0.3333333333333333,0.6768210573994039,TATTAAATAAAATTATTTGTAGAGGGGTGTTTCG
tagged_full,A1_AmtR__A1,rbs,-1.088248002314493,0.35294117647058826,True,0,,0.3333333333333333,0.6112726035743947,TAAAGTGCTGTATTTTAATCCAATAAGAGTGCCG
tagged_full,A1_AmtR__A1,rbs,-0.7222844412542528,0.0,False,0,,0.0,0.49165733381186205,AAATTATTTTTTTTTTATTTTTTTTTTAATTTTT
tagged_full,A1_AmtR__A1,rbs,-1.226895163371987,0.29411764705882354,False,0,,0.0,0.5336127843177314,ATTTGACCAAAGATGTACTATGTAAAAGTTGGAA
tagged_full,A1_AmtR__A1,rbs,-0.9325465173986894,0.0,False,0,,0.0,0.46011802239019656,AAAATATTATTAAATTATAATTTTTTAAATATTT
tagged_full,A1_AmtR__AmtR,cds,-0.21046079743957496,0.04185351270553064,False,0,,,0.585172285466276,GTAACTGGGGATTAATAATCCCAAGTGTAGAGAATATATAAAAAAATTGGAGGTTTGGATATGTGGGAGTGAATTTTTGGAGTTTTTTTTAATTTTTTTTTATTTTTTTTTTTTAATTTTTTTTTTTTTTTTTTTTTTTTTTTTTTTTTTTTTTTTTTTTTTTTTTTTTTTTTTTTTTTTTTTTTTTTTTTTTTTTTTTTTTTTTTTTTTTTTTTTTTTTTTTTTTTTTTTTTTTTTTTTTTTTTTTTTTTTTTTTTTTTTTTTTTTTTTTTTTTTTTTTTTTTTTTTTTTTTTTTTTTTTTTTTTTTTTTTTTTTTTTTTTTTTTTTTTTTTTTTTTTTTTTTTTTTTTTTTTTTTTTTTTTTTTTTTTTTTTTTTTTTTTTTTTTTTTTTTTTTTTTTTTTTTTTTTTTTTTTTTTTTTTTTTTTTTTTTTTTTTTTTTTTTTTTTTTTTTTTTTTTTTTTTTTTTTTTTTTTTTTTTTTTTTTTTTTTTTTTTTTTTTTTTTTTTTTTTTTTTTTTTTTTTTTTTTTTTTTTTTTTTTTTTTTTTTTTTTTTTTTTTTTTTTTTTTTTTTTTTTTTTTTTTTTTTTTTTTTTTTTTTTTTTTTTTTTTTTTTTTTTTTTTTTTTTTTTTTTTTTTTTTTTTTTTTTTTTTTTTTTTTTTTTTTTTT
tagged_full,A1_AmtR__AmtR,cds,-0.12942712781023405,0.005979073243647235,False,0,,,0.5829775601259237,ATAATTTTATTATCTTTACAATTACATTTAAATGTATATTTTTATAATTTATTTATAAATATTAATAAATATATATATATATATATATATATATATATATATATATATATATATATATATATATATATATATATATATATATATATATATATATATATATATATATATATATATATATATATATATATATATATATATATATATATATATATATATATATATATATATATATATATATATATATATATATATATATATATATATATATATATATATATATATATATATATATATATATATATATATATATATATATATATATATATATATATATATATATATATATATATATATATATATATATATATATATATATATATATATATATATATATATATATATATATATATATATATATATATATATATATATATATATATATATATATATATATATATATATATATATATATATATATATATATATATATATATATATATATATATATATATATATATATATATATATATATATATATATATATATATATATATATATATATATATATATATATATATATATATATATATATATATATATATATATATATATATATATATATATATATATATATATATATATATATATATATATATATATATATATATA
tagged_full,A1_AmtR__AmtR,cds,-0.18802295282771442,0.2974588938714499,False,0,,,0.6907801146244228,GGAGTGAAATGAAGTGTAAAAAAAGAAATTGATACATTTTGAAAGGGAAATTTTGAAAAGGATTGGAAATGATTGGAAATGAATGGAAAATTTGGAAATGGATGGAAATGATTGGAAATGATTGGAAATGATTGGAAATGATTGGAAATGATTGGAAATGATTGGAAATGATTGGAAATGATTGGAAATGATTGGAAATGATTGGAAATGATTGGAAATGATTGGAAATGATTGGAAATGATTGGAAATGATTGGAAATGATTGGAAATGATTGGAAATGATTGGAAATGATTGGAAATGATTGGAAATGATTGGAAATGATTGGAAATGATTGGAAATGATTGGAAATGATTGGAAATGATTGGAAATGATTGGAAATGATTGGAAATGATTGGAAATGATTGGAAATGATTGGAAATGATTGGAAATGATTGGAAATGATTGGAAATGATTGGAAATGATTGGAAATGATTGGAAATGATTGGAAATGATTGGAAATGATTGGAAATGATTGGAAATGATTGGAAATGATTGGAAATGATTGGAAATGATTGGAAATGATTGGAAATGATTGGAAATGATTGGAAATGATTGGAAATGATTGGAAATGATTGGAAATGATTGGAAATGATTGGAAATGATTGGAAATGATTGGAAATGATTGGAAAT
tagged_full,A1_AmtR__AmtR,cds,-0.058579581628228974,0.0014947683109118087,False,0,,,0.5918109700801303,AATATATTAATATGATATATTATATATATATATATATATATATATATATATATATATATATATATATATATATATATATATATATATATATATATATATATATATATATATATATATATATATATATATATATATATATATATATATATATATATATATATATATATATATATATATATATATATATATATATATATATATATATATATATATATATATATATATATATATATATATATATATATATATATATATATATATATATATATATATATATATATATATATATATATATATATATATATATATATATATATATATATATATATATATATATATATATATATATATATATATATATATATATATATATATATATATATATATATATATATATATATATATATATATATATATATATATATATATATATATATATATATATATATATATATATATATATATATATATATATATATATATATATATATATATATATATATATATATATATATATATATATATATATATATATATATATATATATATATATATATATATATATATATATATATATATATATATATATATATATATATATATATATATATATATATATATATATATATATATATATATATATATATATATATATATATATATATATAT
tagged_full,A1_AmtR__AmtR,cds,-0.052199570266443424,0.40059790732436473,True,0,,,0.7524092273897794,TATGGAGAGGTATGAAGAGGTATGAAGAGGTATGAAGAGGTATGAAGAGGTATGAAGAGGTATGAAGAGGTATGAAGAGGTATGAAGAGGTATGAAGAGGTATGAAGAGGTATGAAGAGGTATGAAGAGGTATGAAGAGGTATGAAGAGGTATGAAGAGGTATGAAGAGGTATGAAGAGGTATGAAGAGGTATGAAGAGGTATGAAGAGGTATGAAGAGGTATGAAGAGGTATGAAGAGGTATGAAGAGGTATGAAGAGGTATGAAGAGGTATGAAGAGGTATGAAGAGGTATGAAGAGGTATGAAGAGGTATGAAGAGGTATGAAGAGGTATGAAGAGGTATGAAGAGGTATGAAGAGGTATGAAGAGGTATGAAGAGGTATGAAGAGGTATGAAGAGGTATGAAGAGGTATGAAGAGGTATGAAGAGGTATGAAGAGGTATGAAGAGGTATGAAGAGGTATGAAGAGGTATGAAGAGGTATGAAGAGGTATGAAGAGGTATGAAGAGGTATGAAGAGGTATGAAGAGGTATGAAGAGGTATGAAGAGGTATGAAGAGGTATGAAGAGGTATGAAGAGGTATGAAGAGGTATGAAGAGGTATGAAGAGGTATGAAGAGGTATGAAGAGGTATGAAGAGGTATGAAGAGGTATGAAGAGGTATGAAGAG
tagged_full,A1_AmtR__AmtR,cds,-0.16544208244789058,0.01046337817638266,False,0,,,0.5793690389033695,AAATGATGGATGTTTAATGAAAGTTTTTTAATGTATTAATAAAAAAAATTATAAATAAATTTTTAAAAAATTTAAAAAAAAATTTAAAAAAAAATTAAAAAAAAAATTAAAAAAAAAATTTAAAAAAAAATTTAAAAAAAAATTAAAAAAAAAATTTAAAAAAAAATTTAAAAAAAAATTTAAAAAAAAATTTAAAAAAAAATTTAAAAAAAAATTTAAAAAAAAATTTAAAAAAAAATTTAAAAAAAAATTTAAAAAAAAATTTAAAAAAAAATTTAAAAAAAAATTTAAAAAAAAATTTAAAAAAAAATTTAAAAAAAAATTTAAAAAAAAATTTAAAAAAAAATTTAAAAAAAAATTTAAAAAAAAATTTAAAAAAAAATTTAAAAAAAAATTTAAAAAAAAATTTAAAAAAAAATTTAAAAAAAAATTTAAAAAAAAATTTAAAAAAAAATTTAAAAAAAAATTTAAAAAAAAATTTAAAAAAAAATTTAAAAAAAAATTTAAAAAAAAATTTAAAAAAAAATTTAAAAAAAAATTTAAAAAAAAATTTAAAAAAAAATTTAAAAAAAAATTTAAAAAAAAATTTAAAAAAAAATTTAAAAAAAAATTTAAAAAAAAATTTAAAAAAAAATTTAAAAAAAAATTTAAAAAAAAATTTAAAAAAAA
tagged_full,A1_AmtR__AmtR,cds,-0.23503125262074173,0.04185351270553064,False,0,,,0.5814867171891009,GGTTAAGGGGTAGAAAGGAAAATTATTTTGGATGTAAAAGGGAATTGATAGAAAAAATTTAAGATAAATGAAATTGTAAGTTTAAGGTTTAAAAGAGTAAAAATAGGATAAAATAAGAAAAAAAAAATATATATATATATATATATATATATATATATATATATATATATATATATATATATATATATATATATATATATATATATATATATATATATATATATATATATATATATATATATATATATATATATATATATATATATATATATATATATATATATATATATATATATATATATATATATATATATATATATATATATATATATATATATATATATATATATATATATATATATATATATATATATATATATATATATATATATATATATATATATATATATATATATATATATATATATATATATATATATATATATATATATATATATATATATATATATATATATATATATATATATATATATATATATATATATATATATATATATATATATATATATATATATATATATATATATATATATATATATATATATATATATATATATATATATATATATATATATATATATATATATATATATATATATATATATATATATATATATATATATATATATATATATATATATATATATA
tagged_full,A1_AmtR__AmtR,cds,-0.08072841832922423,0.01046337817638266,False,0,,,0.5920760885211694,ATGTAGTTTACAGCAGCAATTTTAAATTTAAAAAAAAAAAAAAAAAAAAAAAAAAAAAAAAAAAAAAAAAAAAAAAAAAAAAAAAAAAAAAAAAAAAAAAAAAAAAAAAAAAAAAAAAAAAAAAAAAAAAAAAAAAAAAAAAAAAAAAAAAAAAAAAAAAAAAAAAAAAAAAAAAAAAAAAAAAAAAAAAAAAAAAAAAAAAAAAAAAAAAAAAAAAAAAAAAAAAAAAAAAAAAAAAAAAAAAAAAAAAAAAAAAAAAAAAAAAAAAAAAAAAAAAAAAAAAAAAAAAAAAAAAAAAAAAAAAAAAAAAAAAAAAAAAAAAAAAAAAAAAAAAAAAAAAAAAAAAAAAAAAAAAAAAAAAAAAAAAAAAAAAAAAAAAAAAAAAAAAAAAAAAAAAAAAAAAAAAAAAAAAAAAAAAAAAAAAAAAAAAAAAAAAAAAAAAAAAAAAAAAAAAAAAAAAAAAAAAAAAAAAAAAAAAAAAAAAAAAAAAAAAAAAAAAAAAAAAAAAAAAAAAAAAAAAAAAAAAAAAAAAAAAAAAAAAAAAAAAAAAAAAAAAAAAAAAAAAAAAAAAAAAAAAAAAAAAAAAAAAAAAAAAAAAAAAAAAAAAAAAAAAAAAAAAAAAAAAAAAAAAAAAAAAAAAAAAAAAAAAAAAAAAAAAAAAAAAAAAAA
tagged_full,A1_AmtR__AmtR,cds,-0.22991816217264774,0.016442451420029897,False,0,,,0.5720892562421147,AAATTGTGAATTTATTTGATGGAAAGATGATTTATTTTAATTGGGAATTATTATTTTGTTTATTTTATTTAAATATTATTAAAATAATTTAAATATTATTTTAAATTATTTTTTTATTATTTTTATTATTTTTTTTTATTTTTATTATTTTTTTTTTATTTTTATTATTTTTTTTTTTTTTTTTTTTTTTTTTTTTTTTTTTTTTTTTTTTTTTTTTTTTTTTTTTTTTTTTTTTTTTTTTTTTTTTTTTTTTTTTTTTTTTTTTTTTTTTTTTTTTTTTTTTTTTTTTTTTTTTTTTTTTTTTTTTTTTTTTTTTTTTTTTTTTTTTTTTTTTTTTTTTTTTTTTTTTTTTTTTTTTTTTTTTTTTTTTTTTTTTTTTTTTTTTTTTTTTTTTTTTTTTTTTTTTTTTTTTTTTTTTTTTTTTTTTTTTTTTTTTTTTTTTTTTTTTTTTTTTTTTTTTTTTTTTTTTTTTTTTTTTTTTTTTTTTTTTTTTTTTTTTTTTTTTTTTTTTTTTTTTTTTTTTTTTTTTTTTTTTTTTTTTTTTTTTTTTTTTTTTTTTTTTTTTTTTTTTTTTTTTTTTTTTTTTTTTTTTTTTTTTTTTTTTTTTTTTTTTTTTTTTTTTTTTTTTTTTTTTTTTTTTTTTTTTTTTTTTTTTTTTTTTTTTTTTTT
tagged_full,A1_AmtR__AmtR,cds,-0.1107233049015173,0.14200298953662183,False,0,,,0.6401927000794211,GGATGTTTTTAGATGATTAAAAGTTTTAAAGTTTATGTAAATAGTTTTAAAGTTTTAAAGTTTATGTAAATAGTTTTAAAGTTTTAAAGTTTATGTAAATAGTTTTAAAGTTTTAAAGTTTATGTAAATAGTTTTAAAGTTTTAAAGTTTATGTAAATAGTTTTAAAGTTTTAAAGTTTATGTAAATAGTTTTAAAGTTTTAAAGTTTATGTAAATAGTTTTAAAGTTTTAAAGTTTATGTAAATAGTTTTAAAGTTTTAAAGTTTATGTAAATAGTTTTAAAGTTTTAAAGTTTATGTAAATAGTTTTAAAGTTTTAAAGTTTATGTAAATAGTTTTAAAGTTTTAAAGTTTATGTAAATAGTTTTAAAGTTTTAAAGTTTATGTAAATAGTTTTAAAGTTTTAAAGTTTATGTAAATAGTTTTAAAGTTTTAAAGTTTATGTAAATAGTTTTAAAGTTTTAAAGTTTATGTAAATAGTTTTAAAGTTTTAAAGTTTATGTAAATAGTTTTAAAGTTTTAAAGTTTATGTAAATAGTTTTAAAGTTTTAAAGTTTATGTAAATAGTTTTAAAGTTTTAAAGTTTATGTAAATAGTTTTAAAGTTTTAAAGTTTATGTAAATAGTTTTAAAGTTTTAAAGTTTATGTAAATAGTTTTAAAGTTTTAAAG
tagged_full,A1_AmtR__L3S2P55,terminator,-0.7981303606351249,0.2982456140350877,False,0,-16.600000381469727,,0.6578243068923443,AAAATAATCATTTTGCTGATGTAAAAAATCCCCTTTGCAAAGGGGATTTTTTTATGC
tagged_full,A1_AmtR__L3S2P55,terminator,-0.7967326760941148,0.3157894736842105,False,0,-18.700000762939453,,0.6724199258242669,GTAAAAACTTAAAAACTGCTTAAAATTAAAAAGCCGTGCAGATTGCACGGCTTTTTT
tagged_full,A1_AmtR__L3S2P55,terminator,-0.7072604091996589,0.3157894736842105,False,0,-28.0,,0.718472342128823,GTTTTTATTCAAAAACTGAATAAAAAAATCCCCCTGCAAAAGCAGGGGGATTTTTTT
tagged_full,A1_AmtR__L3S2P55,terminator,-0.9369737187920757,0.22807017543859648,False,0,-4.300000190734863,,0.5657697323241179,TTTCAGAAAATAAAAATAAAATAATTTTTCTGCAAAAAATAAAAAGCAGCCCGAAAG
tagged_full,A1_AmtR__L3S2P55,terminator,-0.6654799114602099,0.3157894736842105,False,0,-22.100000381469727,,0.7040376637422658,GCTGTTTTAAAAATAAAAAAACCGCATTCAGATGAATGCGGTTTTTTTATGCCTGTT
tagged_full,A1_AmtR__L3S2P55,terminator,-0.24824153783074981,0.24561403508771928,False,0,-1.600000023841858,,0.6666234185318501,GCAAAATAAGCAAAATAAGCAAAATAAGCAAAATAAGCAAAATAAGCAAAATAAGCA
tagged_full,A1_AmtR__L3S2P55,terminator,-0.6896150273206954,0.3333333333333333,False,0,-17.600000381469727,,0.6916454665386316,TATTGCAATCTGAATAAAAAATAAAAGCAGTCCGTTTGGGCTGCTTTTTTGTTTGCA
tagged_full,A1_AmtR__L3S2P55,terminator,-0.6933002314246308,0.2982456140350877,False,0,-21.100000381469727,,0.689338299958129,TATCGCTGTCTGAAATAAAAAAATCCCCTGAATTTTCAGGGGATTTTTTATTTTTCT
tagged_full,A1_AmtR__L3S2P55,terminator,-0.3897433595803597,0.03508771929824561,False,0,0.0,,0.5555735837822443,TCTGTAAAAAATAAAAAATAAAAAATAAAAAATAAAAAATAAAAAATAAAAAATAAA
tagged_full,A1_AmtR__L3S2P55,terminator,-0.991499589525604,0.17543859649122806,False,0,-6.199999809265137,,0.5432048854633178,GCTTTGAAATAAGCATTTTTTATAAAAATTATAAAAATAAAAAACACCCGATAAATT
